DNI;nombre;apellidos;correo
EJDNI0001;Al_nuevo_01;Ap_al_01;b@b.b
EJDNI0002;Al_nuevo_02;Ap_al_02;b@b.b
EJDNI0003;Al_nuevo_03;Ap_al_03;b@b.b
EJDNI0004;Al_nuevo_04;Ap_al_04;b@b.b
EJDNI0005;Al_nuevo_05;Ap_al_05;b@b.b
EJDNI0006;Al_nuevo_06;Ap_al_06;b@b.b
EJDNI0007;Al_nuevo_07;Ap_al_07;b@b.b
EJDNI0008;Al_nuevo_08;Ap_al_08;b@b.b
EJDNI0009;Al_nuevo_09;Ap_al_09;b@b.b
EJDNI0010;Al_nuevo_10;Ap_al_10;b@b.b
EJDNI0011;Al_nuevo_11;Ap_al_11;b@b.b
EJDNI0012;Al_nuevo_12;Ap_al_12;b@b.b
EJDNI0013;Al_nuevo_13;Ap_al_13;b@b.b
EJDNI0014;Al_nuevo_14;Ap_al_14;b@b.b
EJDNI0015;Al_nuevo_15;Ap_al_15;b@b.b
EJDNI0016;Al_nuevo_16;Ap_al_16;b@b.b
EJDNI0017;Al_nuevo_17;Ap_al_17;b@b.b
EJDNI0018;Al_nuevo_18;Ap_al_18;b@b.b
EJDNI0019;Al_nuevo_19;Ap_al_19;b@b.b
EJDNI0020;Al_nuevo_20;Ap_al_20;b@b.b
EJDNI0021;Al_nuevo_21;Ap_al_21;b@b.b
EJDNI0022;Al_nuevo_22;Ap_al_22;b@b.b
EJDNI0023;Al_nuevo_23;Ap_al_23;b@b.b
EJDNI0024;Al_nuevo_24;Ap_al_24;b@b.b
EJDNI0025;Al_nuevo_25;Ap_al_25;b@b.b
EJDNI0026;Al_nuevo_26;Ap_al_26;b@b.b
EJDNI0027;Al_nuevo_27;Ap_al_27;b@b.b
EJDNI0028;Al_nuevo_28;Ap_al_28;b@b.b
EJDNI0029;Al_nuevo_29;Ap_al_29;b@b.b
EJDNI0030;Al_nuevo_30;Ap_al_30;b@b.b
